﻿<?xml version="1.0"?>
<doc>
<assembly>
<name>
PRESTAMO
</name>
</assembly>
<members>
<member name="T:PRESTAMO.My.Resources.Resources">
<summary>
  Clase de recurso fuertemente tipado, para buscar cadenas traducidas, etc.
</summary>
</member>
<member name="P:PRESTAMO.My.Resources.Resources.ResourceManager">
<summary>
  Devuelve la instancia de ResourceManager almacenada en caché utilizada por esta clase.
</summary>
</member>
<member name="P:PRESTAMO.My.Resources.Resources.Culture">
<summary>
  Reemplaza la propiedad CurrentUICulture del subproceso actual para todas las
  búsquedas de recursos mediante esta clase de recurso fuertemente tipado.
</summary>
</member>
<member name="P:PRESTAMO.My.Resources.Resources.WhatsApp_Image_2020_06_30_at_9_10_04_PM">
<summary>
  Busca un recurso adaptado de tipo System.Drawing.Bitmap.
</summary>
</member>
</members>
</doc>
